Title,Link,Date
老人学会企鹅步，安全“滑过”雨雪天,http://www.yangtse.com/app/health/2018-12-09/649253.html,2018-12-10
糖尿病患者要重视牙龈健康,http://www.yangtse.com/app/health/2018-12-04/647374.html,2018-12-09
正确祛斑方法你知道几个,http://www.yangtse.com/app/health/2018-12-04/647380.html,2018-12-09
橘子皮只要晒干就是陈皮?我们对橘子竟然有这么多误解,http://www.yangtse.com/app/health/2018-12-04/647386.html,2018-12-09
嗓子干、头晕眼花，可能是空调病！,http://www.yangtse.com/app/health/2018-12-05/647800.html,2018-12-09
出现6个症状提醒你血压太高了,http://www.yangtse.com/app/health/2018-12-05/647805.html,2018-12-09
除了这1种情况 都不建议服用益生菌,http://www.yangtse.com/app/health/2018-12-05/647810.html,2018-12-09
想远离骨质疏松？女性可以试试多饮茶,http://www.yangtse.com/app/health/2018-12-05/647814.html,2018-12-09
“盐”多必失！ 当心宝宝小零食里的“隐形盐”,http://www.yangtse.com/app/health/2018-12-09/649254.html,2018-12-09
【大咖视频】智齿拔不拔？是不是纠结了一百回了……,http://www.yangtse.com/app/health/2018-12-09/649244.html,2018-12-09
抖音这几条视频火了！原来吃膏方还有这些功效,http://www.yangtse.com/app/health/2018-12-07/648949.html,2018-12-09
饭前烫碗仅除菌3%！茶水洗碗烫碗无法真正消毒杀菌,http://www.yangtse.com/app/health/2018-12-05/647820.html,2018-12-08
火罐不能随意拔,http://www.yangtse.com/app/health/2018-12-06/648224.html,2018-12-08
寒潮来袭！更显著增加中风风险,http://www.yangtse.com/app/health/2018-12-06/648232.html,2018-12-08
肤质并非一成不变！护肤前先了解一下你的肤质,http://www.yangtse.com/app/health/2018-12-06/648239.html,2018-12-08
寒冬12月进补攻略，快收藏起来,http://www.yangtse.com/app/health/2018-12-07/648624.html,2018-12-08
房颤患腹部剧烈疼痛可能是“肠中风” 预防记四点,http://www.yangtse.com/app/health/2018-12-07/648628.html,2018-12-08
冬季气温降低空气干燥 宝宝如何预防传染性疾病,http://www.yangtse.com/app/health/2018-12-07/648643.html,2018-12-08
结婚后“小绵羊”变“红太狼”，她有可能是病了,http://www.yangtse.com/app/health/2018-12-07/648729.html,2018-12-08
又是笑气！最多一天“吃”掉2400支，十八九岁少年无法站立,http://www.yangtse.com/app/health/2018-12-07/648777.html,2018-12-08
